ID,Age,Experience,Income,ZIP_Code,Family,CCAvg,Education,Mortgage,Personal_Loan,Securities_Account,CD_Account,Online,CreditCard
301,34,9,70,92843,4,1.3,1,0,0,1,0,0,0
205,56,31,61,96150,2,1.9,2,105,0,0,0,0,0
1542,61,35,154,92704,2,6.9,1,0,0,0,0,0,0
3922,30,6,48,95812,1,1.2,1,0,0,0,0,1,0
906,46,22,28,94720,1,1.0,1,84,0,0,0,1,1
4213,50,23,9,94109,1,0.5,2,98,0,0,0,1,0
4120,30,5,85,92624,4,1.8,3,0,0,0,0,1,0
3546,48,22,174,95827,1,2.4,1,0,0,0,0,1,0
1431,32,7,52,92660,2,0.1,1,0,0,0,0,1,0
2292,47,23,90,95449,1,2.7,1,323,0,0,0,0,0
3994,30,6,13,93555,3,0.9,3,0,0,0,0,1,0
720,61,35,110,92521,3,4.4,1,0,0,1,0,1,0
981,38,13,114,92697,1,1.0,3,0,0,0,0,1,1
4344,38,14,63,95422,1,3.6,2,0,0,1,0,1,0
153,57,32,24,93117,1,1.3,1,0,0,0,0,1,1
1243,29,4,44,91380,4,2.0,2,0,0,0,0,1,0
2732,29,5,28,96651,1,0.2,3,0,0,0,0,1,0
1124,46,20,91,92521,4,2.6,3,0,0,0,0,0,0
117,54,29,35,92831,1,1.5,2,0,0,0,0,1,0
4815,60,34,41,90064,3,2.2,3,0,0,0,0,0,1
2128,40,14,179,94720,2,0.0,1,0,0,0,0,0,0
4012,47,21,88,94304,2,1.7,2,0,0,0,0,1,0
4254,54,28,61,90601,3,3.0,2,0,0,0,0,1,1
4385,45,20,61,92717,3,2.7,2,0,0,0,0,0,1
4889,25,1,121,93106,1,5.4,1,158,0,0,0,1,0
1529,34,9,134,94550,1,4.6,1,164,0,1,0,1,0
4802,34,10,88,94404,2,0.0,1,121,0,0,0,1,0
1382,38,12,22,91380,3,0.2,2,0,0,0,0,1,0
784,44,20,160,94606,2,7.6,1,0,0,1,0,0,0
1702,29,3,108,94304,4,1.8,2,0,0,0,0,0,0
1405,58,28,75,92121,1,1.4,3,0,0,0,0,1,0
1961,44,19,30,95616,4,0.0,2,0,0,0,0,1,0
793,41,16,98,93117,1,4.0,3,0,0,0,0,0,1
1034,60,34,29,95973,2,0.3,1,0,0,0,0,1,0
2072,52,28,83,94705,1,0.0,1,0,0,0,0,1,0
4820,32,6,41,95833,3,0.9,1,179,0,0,0,0,0
2950,37,11,19,95054,3,0.2,2,0,0,0,0,1,0
2710,28,4,69,94305,3,0.7,2,170,0,0,0,0,0
4290,54,28,95,90254,1,1.9,2,0,0,0,0,1,0
673,51,27,23,96651,1,0.2,1,0,0,0,0,1,0
4496,38,14,82,95616,4,2.67,1,0,0,0,0,0,0
1006,38,12,138,95112,2,0.0,1,0,0,1,0,1,0
3768,40,16,83,95819,4,2.67,1,0,0,0,0,1,1
1789,38,13,23,91116,4,0.2,3,0,0,0,0,1,0
3118,42,16,65,92614,3,0.5,3,256,0,0,0,1,0
3391,29,3,73,94720,3,0.3,3,0,0,0,0,0,0
1332,31,7,84,92692,1,0.1,1,0,0,0,0,1,0
418,53,29,83,90073,4,1.0,2,0,0,0,0,1,0
2666,35,9,105,90064,2,4.5,3,0,0,0,0,0,0
4250,37,12,63,91942,4,2.1,3,0,0,0,0,1,0
2487,61,36,130,92717,1,1.3,1,257,0,0,0,0,0
2923,52,26,49,90011,1,1.4,3,0,0,0,0,1,0
1523,25,-1,101,94720,4,2.3,3,256,0,0,0,0,1
223,26,2,104,94306,3,2.5,1,0,0,0,0,0,0
4800,44,20,33,94306,4,0.3,1,142,0,0,0,0,1
3119,64,39,114,90095,1,0.8,3,0,0,0,0,1,0
4274,44,19,83,95812,2,3.8,3,0,0,1,0,0,1
2498,33,9,14,95133,3,0.9,3,114,0,0,0,0,0
1538,58,34,41,94608,4,1.3,1,0,0,0,0,1,0
646,35,9,84,95120,4,2.2,2,322,0,0,0,0,0
4978,40,15,54,90266,3,0.8,3,0,0,0,0,1,0
4956,63,37,39,91207,2,0.7,3,0,0,0,0,1,1
4042,45,19,40,95060,1,0.2,1,0,0,1,1,1,1
4216,64,40,21,94028,2,0.3,3,0,0,0,0,0,0
4287,53,29,20,93955,1,0.2,1,131,0,0,0,1,1
2364,39,13,61,90095,2,2.4,2,90,0,0,0,1,0
4551,65,40,18,95621,1,1.5,2,0,0,0,0,1,0
4190,45,19,93,91116,2,1.7,2,0,0,0,0,0,0
2107,62,38,132,90210,1,2.9,1,0,0,0,0,0,0
1787,35,11,34,93117,1,1.5,2,0,0,0,0,0,0
4610,54,28,80,95006,4,2.6,3,143,0,0,0,0,0
471,32,6,84,91006,4,1.8,2,0,0,0,0,0,0
55,29,5,44,95819,1,0.2,3,0,0,0,0,1,0
2566,40,15,10,94708,2,0.0,3,102,0,0,0,1,0
2331,31,5,72,95133,4,1.8,2,242,0,0,0,1,1
683,58,34,12,90504,1,0.1,2,0,0,0,0,0,1
948,55,29,60,94305,3,2.2,3,84,0,0,0,1,0
1285,65,40,128,90740,1,2.5,1,162,0,0,0,1,0
547,27,2,68,94025,3,2.6,3,203,0,1,0,0,0
1878,51,24,78,90037,1,2.67,2,0,0,0,0,1,0
1465,28,4,120,92333,2,0.6,1,0,0,0,0,1,0
4967,41,17,34,91361,1,0.7,1,143,0,0,0,0,0
3587,40,15,132,94131,2,3.9,1,0,0,0,0,1,0
1981,45,19,141,94706,1,2.4,1,0,0,0,0,1,0
3397,52,28,65,93106,1,0.0,1,0,0,0,0,1,1
861,57,31,30,95841,2,0.7,2,145,0,0,0,0,0
1222,30,5,121,94132,2,3.3,1,0,0,0,0,0,1
394,53,28,18,90095,4,0.1,3,109,0,1,1,1,1
2745,51,27,10,92121,2,0.2,1,86,0,0,0,0,0
4853,38,12,33,94708,4,1.5,3,0,0,1,0,0,1
57,55,30,29,94005,3,0.1,2,0,0,1,1,1,0
1442,58,33,43,94720,2,1.6,3,0,0,0,0,1,0
4207,48,23,29,93711,1,1.3,2,0,0,0,0,0,0
837,42,17,74,92123,3,3.0,1,0,0,0,0,0,1
3782,65,40,118,94104,1,1.3,1,333,0,0,1,1,1
3599,37,11,61,95120,3,0.9,2,0,0,0,0,0,0
1133,34,9,55,94920,3,2.3,1,0,0,1,1,1,1
3868,44,19,61,94080,3,2.7,2,0,0,0,0,0,0
4006,56,32,32,95827,2,0.8,1,79,0,1,0,1,0
4736,34,9,84,94707,4,2.2,2,323,0,0,0,1,0
4520,45,21,32,92399,4,0.6,1,77,0,0,0,0,1
4091,42,18,49,92717,3,2.1,3,0,0,1,0,1,0
452,28,-2,48,94132,2,1.75,3,89,0,0,0,1,0
4265,57,31,40,94304,2,0.3,1,0,0,1,1,1,1
903,57,33,95,95054,2,1.6,1,0,0,0,0,0,0
1046,43,18,84,92096,1,4.0,3,0,0,0,0,0,0
2600,44,20,71,91006,4,2.0,3,0,0,0,0,0,1
565,33,7,32,94904,1,0.6,3,152,0,0,0,0,0
3535,34,10,61,95006,3,2.0,1,0,0,0,0,0,1
4080,65,40,75,90036,3,2.2,1,0,0,0,0,1,0
1980,41,17,11,91330,1,1.0,1,0,0,0,0,0,0
4657,47,21,38,91101,3,0.6,2,0,0,1,0,0,0
2645,40,14,28,94061,2,0.8,3,0,0,0,0,0,0
3436,33,8,58,92037,4,1.3,1,0,0,1,0,0,0
2742,29,3,49,90266,1,1.5,1,0,0,0,0,0,0
1779,27,3,32,94710,3,1.0,2,0,0,0,0,0,0
3855,31,6,83,94720,4,1.8,3,0,0,0,0,1,0
1907,42,17,98,92866,2,0.4,1,275,0,0,0,1,0
4990,24,0,38,93555,1,1.0,3,0,0,0,0,1,0
160,61,35,41,94545,4,1.7,2,0,0,1,0,1,0
525,24,-1,75,93014,4,0.2,1,0,0,0,0,1,0
1874,28,4,69,94538,3,0.7,2,80,0,0,0,1,0
4932,57,27,55,95616,1,1.4,3,0,0,0,0,1,0
2638,51,26,69,94005,3,2.0,2,0,0,0,0,1,0
4662,43,19,129,95039,1,5.0,1,0,0,1,0,1,0
1418,42,18,52,94061,2,2.5,1,0,0,0,0,0,0
1767,64,38,22,92697,2,0.2,3,0,0,1,0,0,0
2977,33,8,82,95747,1,2.6,2,0,0,1,1,1,1
817,49,23,65,94035,3,0.7,2,263,0,0,0,1,1
4718,29,5,121,95449,1,1.5,1,0,0,0,0,1,0
3625,58,28,70,92028,1,1.4,3,0,0,0,0,0,0
2556,58,32,110,94143,3,1.7,2,0,0,0,0,0,0
1781,49,24,82,95051,1,2.9,1,267,0,0,0,1,0
877,40,14,58,94025,2,2.8,1,0,0,0,0,1,0
2646,36,12,93,95125,2,2.2,1,0,0,0,0,1,0
1152,49,23,12,94720,2,0.1,3,0,0,1,1,1,0
2751,57,33,24,94501,1,0.1,2,0,0,0,0,0,0
2036,36,10,29,93065,4,1.0,1,0,0,0,0,1,1
3264,32,8,84,92093,4,3.4,1,0,0,0,0,1,0
2070,30,4,35,90059,4,0.8,1,0,0,0,0,1,1
3576,63,38,15,94305,4,0.6,2,83,0,0,0,0,0
4413,34,10,19,91711,4,0.4,2,0,0,0,0,0,0
4976,38,11,29,95207,4,1.0,2,0,0,0,0,1,0
3335,40,14,30,94720,2,0.8,3,86,0,0,0,0,0
299,43,19,81,92069,2,3.2,1,0,0,0,0,0,0
1091,31,5,79,94720,4,2.2,2,0,0,0,0,0,0
458,29,3,69,94303,3,0.3,3,0,0,0,0,0,0
632,45,18,40,94960,3,1.0,2,0,0,0,0,1,0
2276,40,16,115,94305,1,3.4,1,0,0,0,0,1,0
2863,65,39,113,92096,4,2.4,3,0,0,0,0,1,0
3232,62,37,24,90717,1,0.3,3,0,0,1,0,1,0
1517,41,17,49,92130,4,2.2,2,0,0,0,0,0,0
4559,44,19,82,95521,2,0.4,1,0,0,0,0,1,1
1170,40,16,32,92110,1,1.4,3,158,0,0,0,1,0
1866,36,6,90,91342,4,1.8,3,0,0,1,0,0,0
426,28,3,28,90505,4,0.8,1,0,0,0,0,1,0
2267,38,13,143,94550,1,4.1,1,0,0,0,0,0,0
3268,59,35,21,95818,2,1.0,1,120,0,0,0,1,0
4161,30,4,11,95054,1,0.1,2,0,0,0,0,1,1
78,46,20,29,92220,3,0.5,2,0,0,0,0,0,0
4477,58,32,40,95833,2,0.3,1,0,0,0,0,0,0
934,50,23,9,92064,2,1.0,2,0,0,0,0,1,0
949,30,4,81,92037,1,2.9,3,259,0,0,0,1,1
3117,36,10,21,92008,3,0.1,2,0,0,0,0,0,1
4571,32,6,99,91902,2,4.5,3,249,0,0,0,1,0
3702,58,33,95,90503,1,2.6,1,0,0,0,0,1,0
1048,55,31,73,94143,4,1.6,2,0,0,0,0,0,0
3073,54,30,51,92821,2,3.2,3,0,0,0,0,0,0
1847,56,32,15,90089,1,0.1,2,0,0,0,0,1,0
1682,32,8,141,90005,2,4.33,1,0,0,0,0,0,0
3234,46,20,111,95037,1,0.0,1,329,0,0,0,0,0
4597,37,13,61,95131,3,2.8,1,0,0,0,0,0,0
520,34,9,48,95616,1,2.5,3,105,0,0,0,1,0
1214,27,2,78,93943,4,0.2,1,87,0,0,0,0,0
467,25,0,13,91342,2,0.9,3,0,0,0,0,1,0
2783,47,22,53,92691,1,0.3,1,213,0,0,0,0,0
2639,28,4,45,94025,1,1.0,3,0,0,0,0,1,0
2829,35,10,64,94306,3,0.7,2,230,0,0,0,1,0
4886,54,30,28,92103,2,0.8,1,0,0,0,0,1,0
561,43,18,59,93943,1,3.7,3,0,0,0,0,1,0
3540,56,30,60,91380,1,2.2,3,0,0,0,0,0,0
2485,46,21,30,92697,1,1.4,3,112,0,1,0,0,0
690,54,30,18,94591,1,0.3,1,0,0,1,1,1,0
1539,55,30,34,95820,4,0.1,3,157,0,0,0,1,0
4118,39,14,18,92037,4,0.2,3,0,0,1,0,0,0
415,52,28,41,94309,3,1.9,2,0,0,0,0,0,1
3139,36,11,103,93555,1,4.6,1,255,0,0,0,1,0
1726,57,32,19,95348,1,1.3,1,0,0,0,0,1,0
441,64,39,59,92626,2,1.5,1,139,0,0,0,1,0
3689,51,26,179,90245,1,8.1,1,0,0,1,0,1,0
2086,50,24,45,94105,3,0.6,2,117,0,0,0,1,0
2016,30,5,141,95747,1,0.8,1,0,0,0,0,1,0
270,43,13,33,95039,1,0.75,3,0,0,0,0,0,0
657,37,11,81,94539,1,2.8,3,145,0,0,0,0,0
53,30,6,72,94005,1,0.1,1,207,0,0,0,0,0
4783,26,0,150,91311,2,7.2,1,0,0,0,0,0,1
4668,52,28,72,94720,1,1.6,3,0,0,0,0,1,0
2611,40,16,60,94501,2,3.2,1,0,0,0,0,0,0
275,30,5,74,95616,4,2.2,1,0,0,1,0,0,1
4335,55,29,92,92130,1,1.9,2,0,0,0,0,0,0
1174,24,-1,35,94305,2,1.7,2,0,0,0,0,0,0
249,55,29,99,92121,2,1.4,1,264,0,0,0,1,1
2147,27,3,30,93108,1,1.0,3,80,0,0,0,0,0
4463,33,7,39,95630,4,0.8,1,0,0,0,0,1,1
2486,61,36,48,94025,3,1.5,1,0,0,0,0,0,1
1176,29,4,58,91006,1,0.8,2,0,0,0,0,1,1
2396,44,17,25,95064,3,1.0,2,0,0,0,0,0,1
3090,31,5,23,94110,3,1.0,1,95,0,0,0,0,0
4838,36,10,183,95348,2,0.0,1,0,0,0,0,0,0
1042,56,32,51,92780,4,1.5,1,0,0,0,0,0,0
3317,56,26,63,94501,3,2.0,3,0,0,0,0,1,0
4016,25,-1,139,93106,2,2.0,1,0,0,0,0,0,1
3533,38,12,141,94022,2,0.0,1,0,0,0,0,1,1
1561,35,10,31,95605,3,1.3,1,0,0,0,0,0,0
1054,58,32,51,95819,1,2.8,2,0,0,0,0,1,0
2991,49,25,163,94608,2,0.4,1,0,0,1,0,0,0
929,35,10,74,90638,4,1.3,1,0,0,0,0,1,0
1102,42,17,95,90095,3,0.5,3,0,0,0,0,0,0
1004,25,1,62,94720,4,0.0,1,229,0,0,0,1,0
2058,37,12,125,91754,2,3.9,1,0,0,0,0,1,1
432,39,13,75,94305,3,2.1,1,224,0,0,0,1,0
3394,37,11,81,95123,3,0.9,2,0,0,0,0,1,1
3528,35,10,24,95054,4,1.1,3,0,0,0,0,0,0
238,62,38,83,92521,1,1.8,3,0,0,0,0,1,0
667,52,26,112,92120,1,2.4,1,0,0,1,1,1,1
4881,56,32,79,92037,3,2.67,1,0,0,0,0,1,0
4364,30,4,18,93711,4,0.3,2,84,0,0,0,1,0
1916,37,11,69,91911,3,2.1,1,0,0,1,0,0,0
4251,52,28,54,90041,4,0.1,3,0,0,0,0,0,1
3214,39,9,32,90212,3,2.0,3,116,0,0,0,1,0
1838,43,18,103,90089,3,1.0,1,180,0,0,0,1,1
3624,28,3,45,91105,4,1.7,2,95,0,0,0,0,0
2407,31,7,10,92354,1,0.5,3,81,0,0,0,1,0
4719,32,6,35,91107,3,1.0,1,0,0,1,0,1,0
2777,46,20,140,93106,2,6.3,1,380,0,0,0,1,1
658,38,8,23,95207,1,0.67,3,0,0,0,0,0,0
4695,39,13,25,94132,2,0.8,3,0,0,0,0,0,0
2239,48,22,35,92709,1,1.4,3,0,0,0,0,1,0
2141,53,27,89,92130,1,0.8,3,0,0,1,0,1,0
1760,31,6,44,94720,4,0.8,1,0,0,0,0,0,0
4575,35,11,193,91765,2,6.5,1,0,0,0,0,0,1
321,60,34,64,90266,1,0.8,2,248,0,0,0,0,0
399,54,30,23,94608,2,0.4,1,0,0,0,0,0,0
4759,46,21,40,90045,1,0.3,1,116,0,0,0,0,0
4433,53,27,50,92660,2,0.8,3,0,0,0,0,1,0
3753,55,30,82,93003,4,1.3,3,219,0,0,0,0,1
3510,38,12,61,91330,3,0.9,3,0,0,0,0,0,0
4850,49,25,65,90007,2,1.0,3,0,0,0,0,1,1
4807,62,37,39,93117,3,1.5,1,0,0,0,0,1,0
4696,45,19,70,95605,1,2.8,1,0,0,0,0,0,1
1288,42,18,54,94010,4,2.2,2,0,0,0,0,0,0
668,63,39,72,93106,3,2.0,3,190,0,1,0,1,0
1437,46,21,80,95054,4,0.4,1,0,0,0,0,1,1
4475,66,41,73,95817,3,2.4,1,0,0,0,0,0,0
620,57,27,73,93106,1,3.0,3,0,0,0,0,0,0
3998,62,38,80,94545,4,1.7,2,0,0,0,0,0,0
4376,34,10,51,90032,3,2.0,1,130,0,0,0,0,0
1017,30,5,69,94720,1,0.8,2,0,0,1,0,1,0
2298,59,35,31,94063,3,0.4,2,0,0,0,0,1,1
1461,40,16,85,92677,4,0.2,3,0,0,0,0,1,1
1508,43,18,50,91006,4,1.9,3,0,0,0,0,0,0
4814,49,23,60,95023,3,0.7,2,142,0,0,0,1,1
3805,47,22,203,95842,2,8.8,1,0,0,0,0,1,0
2412,47,22,65,91330,3,2.7,2,0,0,0,0,1,0
3308,34,10,25,92038,4,1.0,1,0,0,0,0,1,0
2880,42,15,73,94545,3,2.33,2,0,0,0,0,0,0
517,53,27,81,90009,3,1.7,2,0,0,0,0,0,0
3147,26,1,38,91910,4,1.7,2,0,0,0,0,1,0
3513,46,20,70,90405,4,2.9,1,0,0,0,0,0,1
2420,63,37,44,94550,2,1.0,3,0,0,0,0,1,0
2947,33,9,145,94110,1,4.3,1,437,0,0,0,1,0
3170,52,28,55,94608,1,1.6,2,227,0,0,0,0,0
3833,62,38,158,90230,2,2.1,1,0,0,0,0,0,1
2982,53,28,85,92037,1,1.2,1,0,0,0,0,0,0
3089,56,31,28,94720,1,1.3,1,138,0,0,0,0,1
4649,37,11,75,94704,3,0.9,2,0,0,0,0,1,0
1320,32,6,35,94005,2,0.3,1,0,0,0,0,0,1
4460,32,8,115,90064,1,4.0,1,0,0,0,0,0,0
4431,38,12,24,94588,2,0.8,3,0,0,0,0,1,1
2018,42,15,14,92064,3,1.0,2,0,0,1,0,0,0
4045,36,11,9,90266,2,0.3,2,99,0,1,0,0,0
2752,47,23,32,92251,4,0.6,1,156,0,0,0,1,1
51,32,8,8,92093,4,0.7,2,0,0,1,0,1,0
1569,59,33,72,92350,2,0.7,2,226,0,0,0,0,0
1005,53,23,65,95054,4,2.0,3,0,0,0,0,1,0
804,52,27,62,92661,4,1.8,3,82,0,0,0,0,0
3845,51,27,75,95828,1,2.7,1,0,0,0,0,0,0
189,64,40,169,91320,2,2.1,1,122,0,0,0,1,0
2250,41,14,38,95814,3,1.0,2,150,0,0,0,1,0
4876,61,36,54,94539,3,1.5,1,0,0,0,0,1,0
938,38,13,62,92093,3,0.7,2,0,0,1,0,1,0
72,53,29,69,93907,4,1.0,2,0,0,0,0,1,0
4964,32,6,98,95054,2,4.5,3,306,0,0,0,0,0
842,57,33,121,94542,1,4.3,1,0,0,1,0,0,0
1965,34,10,34,95060,1,1.5,2,111,0,0,0,0,1
4717,60,34,83,95616,2,1.4,1,75,0,1,0,1,0
3286,38,13,65,91706,3,0.7,2,0,0,0,0,1,0
355,44,20,173,90277,2,1.4,1,419,0,0,0,1,0
427,42,18,75,92182,3,2.33,1,0,0,0,0,0,1
1656,35,11,53,91355,3,2.8,1,0,0,0,0,0,0
2475,64,38,40,92122,2,1.0,3,0,0,0,0,0,0
963,47,21,120,95833,1,0.0,1,135,0,0,0,0,0
4048,43,17,82,94114,1,5.2,1,79,0,0,0,1,0
2662,66,41,145,90009,1,2.5,1,0,0,0,0,1,0
194,48,24,21,93118,4,0.6,1,0,0,0,0,1,1
1147,31,7,71,90034,1,0.1,1,78,0,1,0,0,0
4565,58,32,28,90095,2,0.3,1,148,0,0,0,0,0
1657,40,15,175,92646,2,3.3,1,0,0,0,0,1,0
2438,65,40,114,94608,4,3.4,2,0,0,0,0,0,1
3972,35,11,24,95616,1,0.5,3,0,0,0,0,1,1
4059,39,15,65,92037,1,1.5,3,0,0,0,0,0,0
4468,55,30,99,91768,1,0.1,3,0,0,0,0,0,0
2675,30,6,101,90245,2,0.6,1,0,0,0,0,1,0
4004,47,21,39,92612,3,0.6,2,0,0,0,0,1,1
1259,34,8,31,91203,1,0.3,1,104,0,0,0,1,1
2721,48,23,32,93302,1,0.1,1,0,0,0,0,0,1
1149,41,15,108,90034,1,5.2,1,0,0,0,0,0,0
1084,28,3,65,95014,3,2.6,3,0,0,1,0,0,0
313,36,6,21,91741,1,0.67,3,0,0,1,0,1,0
3333,36,9,49,94402,2,1.67,2,0,0,0,0,0,1
844,64,39,73,94720,3,2.4,1,0,0,0,0,1,0
2104,37,13,153,90630,2,6.5,1,0,0,0,0,1,1
1470,59,35,59,90005,4,1.2,2,0,0,0,0,1,0
2341,33,9,44,94112,1,1.2,1,0,0,0,0,0,0
1155,59,35,42,93555,1,1.8,3,0,0,0,0,1,0
4997,30,4,15,92037,4,0.4,1,85,0,0,0,1,0
1264,35,5,85,92870,4,4.0,3,0,0,0,0,1,0
1045,49,24,79,95827,1,0.2,2,83,0,0,0,1,1
2753,51,25,34,95819,3,0.9,3,111,0,0,0,1,0
3494,54,28,33,94710,2,0.4,3,0,0,0,0,1,0
2443,39,15,41,90028,2,1.7,1,0,0,0,0,0,0
3858,63,39,39,91711,1,1.9,2,0,0,0,0,0,0
3083,39,13,40,92122,3,0.9,3,129,0,0,0,1,0
558,39,15,118,95039,2,1.9,1,0,0,0,0,0,1
4616,37,12,84,93943,4,0.7,3,0,0,0,0,1,0
680,55,31,103,92093,3,1.8,2,364,0,0,0,0,0
369,63,37,30,92054,2,1.0,3,159,0,0,0,1,0
2929,31,6,175,95005,2,6.7,1,0,0,0,0,1,0
1995,32,8,183,94080,1,6.0,1,0,0,0,0,0,0
4113,34,9,65,95014,3,0.7,2,104,0,0,0,1,0
4389,47,21,123,90840,1,7.3,1,0,0,0,0,0,0
4079,36,12,58,91320,1,3.6,2,0,0,0,0,0,0
2254,59,35,25,95827,2,0.3,1,75,0,0,0,1,0
3204,44,20,119,92677,2,7.5,1,239,0,0,0,1,0
110,43,17,49,94542,1,2.8,1,0,0,0,0,1,0
1699,44,20,149,92121,1,1.7,1,0,0,0,0,1,0
2215,53,27,89,92735,1,0.8,3,146,0,0,0,1,1
290,42,15,24,92121,3,1.0,2,0,0,0,0,1,1
3537,50,24,112,94005,1,0.3,1,229,0,0,0,0,0
1654,26,1,24,96651,2,0.9,3,123,0,0,0,0,1
3376,43,18,88,90089,4,1.1,2,0,0,0,0,1,0
4505,27,1,41,93023,4,1.8,3,147,0,0,0,0,0
3671,38,14,29,94402,4,0.4,2,0,0,0,0,1,0
4428,31,7,18,91711,1,0.4,3,0,0,0,0,0,0
4592,43,16,44,94577,3,1.0,2,0,0,0,0,1,0
13,48,23,114,93106,2,3.8,3,0,0,1,0,0,0
1016,60,34,62,94303,1,0.8,2,0,0,0,0,0,0
3377,46,21,170,95136,2,2.8,1,0,0,0,0,0,0
4486,35,9,50,92182,4,2.2,2,0,0,0,0,0,0
4444,38,14,48,90034,1,1.8,1,169,0,0,0,0,0
3633,46,20,111,95307,2,6.3,1,0,0,0,0,0,1
3941,41,17,53,93727,2,2.5,1,102,0,0,0,1,0
818,41,15,38,90291,2,0.7,1,91,0,0,0,1,0
2999,61,35,38,93106,2,0.3,1,0,0,0,0,0,0
2711,51,27,39,94304,2,0.8,1,0,0,0,0,0,0
2595,48,23,79,94024,1,0.2,2,0,0,0,0,0,0
470,48,23,10,94609,2,0.7,3,0,0,0,0,1,1
241,51,26,70,90089,1,1.2,1,169,0,0,0,0,0
898,62,37,21,92691,4,0.4,2,137,0,0,0,1,1
4030,31,5,90,94301,2,1.3,1,0,0,1,0,1,0
866,60,34,22,92037,3,0.3,3,139,0,0,0,1,1
1625,28,2,31,90024,2,0.3,2,0,0,1,0,1,0
4278,40,16,138,92612,1,3.5,1,0,0,0,0,1,0
3678,59,33,43,94234,2,0.3,1,0,0,0,0,0,1
280,39,14,155,94577,2,3.9,1,0,0,0,0,1,0
3791,46,22,71,92029,2,1.7,1,0,0,0,0,1,1
4844,61,34,41,94123,4,2.5,2,0,0,0,0,1,0
119,41,16,73,92647,3,3.0,1,0,0,0,0,1,0
1924,45,19,22,90639,1,0.2,1,0,0,0,0,1,0
338,57,27,68,94117,1,1.4,3,0,0,0,0,1,0
2620,33,8,62,92093,3,2.3,1,98,0,0,0,0,1
4390,58,32,40,90057,1,1.6,1,0,0,1,1,1,1
652,28,4,58,92121,3,1.5,1,131,0,0,0,0,0
874,24,0,88,90740,3,0.8,1,134,0,0,0,0,0
2387,31,5,72,94542,3,1.6,1,0,0,0,0,1,0
4165,35,10,23,90058,4,1.1,3,0,0,0,0,0,1
4370,50,25,19,94005,4,0.4,2,103,0,0,0,1,1
947,36,11,64,91355,4,2.1,3,0,0,0,0,0,0
1105,51,25,181,93106,1,1.7,1,0,0,0,0,1,1
154,60,36,22,94551,2,1.0,1,0,0,1,1,1,1
2510,36,11,8,93401,4,0.2,3,81,0,0,0,0,1
3686,53,27,93,94588,1,0.8,3,313,0,0,0,0,0
4369,31,7,25,93943,2,1.0,2,0,0,1,1,1,1
2351,52,28,22,91711,2,0.4,1,0,0,0,0,1,1
2322,41,15,39,91380,3,0.5,3,0,0,0,0,0,0
1554,46,22,83,95616,3,0.7,1,0,0,0,0,0,0
224,55,25,41,95014,3,1.0,3,0,0,0,0,1,0
1558,51,25,41,94939,4,1.8,1,0,0,0,0,0,0
3680,49,23,134,90095,2,6.3,1,0,0,0,0,1,0
215,54,28,94,90291,1,1.9,2,0,0,0,0,0,0
4929,57,33,28,90245,1,1.2,3,98,0,0,0,1,0
3743,32,8,181,94596,1,6.0,1,0,0,0,1,1,1
4998,63,39,24,93023,2,0.3,3,0,0,0,0,0,0
1791,44,20,43,92124,1,0.3,3,0,0,1,0,0,1
3906,52,28,55,94596,1,1.6,3,0,0,0,0,0,0
3603,47,21,42,95841,4,0.1,1,0,0,0,0,1,1
3433,47,23,32,95370,1,1.0,1,0,0,0,0,0,1
2838,39,14,54,92037,2,1.1,2,159,0,0,0,0,1
294,45,19,93,90095,4,2.6,3,0,0,0,0,0,0
336,56,32,122,95827,2,0.3,1,360,0,0,1,1,1
3223,49,23,81,93107,2,0.8,3,0,0,0,0,0,0
1248,52,28,39,94606,2,0.8,1,0,0,0,0,1,0
3551,40,10,19,94609,1,0.75,3,116,0,0,0,0,0
4883,43,19,73,94301,3,2.33,1,0,0,1,1,1,1
1832,47,22,30,94118,4,0.4,2,115,0,0,0,1,1
1985,26,1,55,92630,4,1.7,2,175,0,0,0,1,0
1164,34,9,138,94720,2,7.8,1,227,0,0,0,1,0
1862,62,38,161,90274,1,2.9,1,0,0,1,1,1,1
3416,36,12,93,90720,2,2.2,1,0,0,0,0,1,1
4345,53,28,181,95051,1,8.1,1,0,0,0,0,1,0
4925,36,12,89,91304,2,2.7,1,0,0,0,0,0,0
3959,59,34,23,90009,4,0.4,2,78,0,0,0,0,0
1236,54,28,60,94110,4,2.6,3,0,0,0,0,0,0
4654,34,10,155,92780,2,6.5,1,0,0,0,0,1,1
3082,36,10,78,95064,2,4.5,3,204,0,0,0,1,1
4849,58,32,145,94920,2,0.5,1,119,0,0,0,1,0
2471,33,7,81,92122,2,4.5,3,187,0,0,1,1,1
1589,29,3,55,95616,3,1.1,2,0,0,0,0,1,0
4279,56,31,51,92028,3,1.7,1,0,0,0,0,1,1
2558,36,11,23,94553,4,0.2,3,0,0,0,0,1,0
968,55,30,73,92675,4,3.8,2,0,0,0,0,1,0
3429,45,21,24,93106,1,0.9,3,0,0,0,0,0,0
3725,44,20,39,93108,2,2.1,3,119,0,0,0,0,0
3935,35,11,68,94923,2,0.0,1,126,0,0,0,0,1
2909,57,32,22,95616,3,0.1,2,0,0,0,0,1,0
1302,41,17,153,92121,1,1.7,1,337,0,0,0,0,1
3104,52,22,55,92129,3,1.4,3,0,0,0,0,1,0
4025,41,15,82,94720,3,0.1,1,0,0,0,0,1,0
258,66,41,18,92691,3,0.5,1,0,0,0,0,0,1
2155,32,8,45,94558,1,2.4,2,0,0,0,0,0,0
843,34,10,54,92101,3,2.0,1,0,0,0,0,0,0
4126,60,34,95,94104,2,0.7,2,322,0,0,0,1,1
4573,32,7,81,95112,4,1.8,3,0,0,0,0,1,0
1493,33,8,133,90024,1,0.0,1,0,0,0,0,1,0
424,43,19,161,95616,2,7.5,1,0,0,0,0,0,0
61,49,24,39,90404,3,1.7,2,0,0,1,0,1,0
2116,57,31,30,95070,3,1.4,1,0,0,0,0,0,0
2077,49,23,119,91030,1,7.3,1,398,0,0,0,0,0
513,39,14,54,95035,3,3.0,1,108,0,0,0,0,1
764,54,28,65,94122,1,0.2,1,0,0,0,0,0,1
3174,34,10,35,94309,1,1.7,1,0,0,0,0,1,0
2034,49,23,83,92126,1,0.3,1,0,0,0,0,1,1
1577,43,18,98,92131,2,0.4,1,0,0,0,0,1,0
1659,50,25,14,92037,4,0.8,1,0,0,0,0,1,0
945,41,15,22,90503,4,1.5,3,0,0,0,0,0,1
2056,49,23,25,90274,1,1.4,3,0,0,0,0,1,0
2084,31,7,38,94025,1,0.2,3,0,0,0,0,1,0
4985,27,1,98,94043,4,2.3,3,0,0,0,0,0,1
1688,63,39,83,90025,3,2.0,3,0,0,0,0,1,1
1131,58,32,191,94402,1,2.9,1,0,0,0,0,0,0
1966,45,20,94,90095,3,0.5,3,0,0,0,0,1,0
4210,35,9,21,91125,2,1.4,3,125,0,0,0,1,0
1057,36,6,25,95020,1,0.67,3,0,0,0,0,1,0
1714,44,20,15,90405,1,1.0,1,0,0,0,0,1,0
1986,31,7,31,94920,4,0.4,2,79,0,0,0,0,0
2349,51,25,85,94015,4,4.9,1,0,0,0,0,1,1
599,56,31,11,92374,2,0.2,3,90,0,0,0,0,0
4112,43,17,21,95351,3,1.5,1,0,0,0,0,0,0
677,47,23,11,94063,1,0.9,3,103,0,0,0,0,1
3114,31,5,50,91330,4,2.1,3,209,0,0,0,1,0
139,59,34,42,94928,3,1.5,1,0,0,1,1,0,1
279,50,26,21,91125,4,1.0,1,0,0,0,0,1,0
4215,46,22,89,94303,1,2.7,1,0,0,1,1,1,1
767,37,12,81,94538,1,2.8,1,0,0,0,0,0,0
2153,62,38,30,94304,3,0.1,3,128,0,0,0,1,0
2124,28,2,9,95014,1,0.1,2,0,0,0,0,1,0
2617,56,31,49,92182,2,1.6,3,103,0,0,0,1,0
2324,31,7,113,94542,2,2.0,2,315,0,0,0,0,0
516,41,16,113,92780,1,1.0,3,211,0,0,0,0,1
2464,35,9,44,92009,4,0.2,1,0,0,0,0,1,0
10,34,9,180,93023,1,8.9,3,0,1,0,0,0,0
17,38,14,130,95010,4,4.7,3,134,1,0,0,0,0
19,46,21,193,91604,2,8.1,3,0,1,0,0,0,0
30,38,13,119,94104,1,3.3,2,0,1,0,1,1,1
39,42,18,141,94114,3,5.0,3,0,1,1,1,1,0
43,32,7,132,90019,4,1.1,2,412,1,0,0,1,0
48,37,12,194,91380,4,0.2,3,211,1,1,1,1,1
54,50,26,190,90245,3,2.1,3,240,1,0,0,1,0
58,56,31,131,95616,2,1.2,3,0,1,0,0,0,0
76,31,7,135,94901,4,3.8,2,0,1,0,1,1,1
79,54,30,133,93305,2,2.6,3,0,1,0,0,0,0
91,55,30,118,90277,4,5.6,2,0,1,0,0,1,0
132,58,34,149,93720,4,7.2,2,0,1,0,1,1,1
152,26,0,132,92834,3,6.5,3,0,1,0,0,0,1
161,29,0,134,95819,4,6.5,3,0,1,0,0,0,0
175,42,17,168,95503,2,7.9,2,0,1,0,0,1,0
184,29,3,148,92173,3,4.1,1,0,1,0,0,1,0
188,46,21,159,94305,3,1.9,3,315,1,0,0,1,0
200,36,11,158,92152,1,5.1,3,0,1,0,1,1,1
210,64,39,172,94707,4,3.1,1,282,1,0,1,1,1
244,65,39,170,90095,3,7.9,3,99,1,0,1,1,0
248,53,29,120,92626,4,2.7,2,111,1,1,1,1,0
252,54,28,170,92182,2,6.2,2,325,1,0,0,1,0
255,65,41,134,91942,3,3.9,3,121,1,0,0,1,0
262,42,16,111,93106,2,1.2,3,251,1,0,0,1,0
289,44,19,172,94306,2,4.3,3,391,1,1,1,1,0
300,41,15,159,90057,1,5.5,3,0,1,0,1,1,0
304,49,25,195,95605,4,3.0,1,617,1,0,0,0,0
317,57,31,165,95054,1,1.6,2,0,1,0,0,1,0
318,40,16,119,91335,2,4.2,2,0,1,0,0,1,0
322,44,20,101,92717,3,4.4,2,82,1,0,0,0,0
323,63,39,101,92007,1,3.9,1,0,1,1,1,1,0
324,59,34,99,90034,1,4.4,1,0,1,0,0,0,0
325,56,30,158,90089,4,6.1,1,0,1,0,0,0,0
349,40,15,173,95060,4,6.6,1,0,1,0,1,1,1
350,26,2,60,93407,2,3.0,1,132,1,0,0,0,0
352,28,4,155,92182,4,5.3,2,0,1,0,0,1,0
366,57,32,174,90089,1,6.8,2,466,1,0,0,1,0
383,65,41,133,94904,4,2.0,1,0,1,0,0,0,1
389,54,30,100,95814,4,3.4,3,0,1,0,0,0,0
401,36,10,179,94542,3,6.6,1,0,1,0,0,1,0
422,28,3,115,92333,4,3.1,2,0,1,0,0,0,0
439,58,32,113,93943,2,3.8,2,119,1,0,1,1,1
443,58,28,122,95136,1,3.0,3,115,1,0,0,1,0
463,29,4,183,91423,3,8.3,3,0,1,0,0,1,0
464,48,22,149,94928,2,5.5,2,0,1,1,1,1,0
465,43,19,83,94305,4,3.6,3,0,1,0,0,0,1
474,64,39,182,93955,1,1.2,2,547,1,0,0,1,0
476,43,19,152,92008,3,6.1,2,0,1,0,0,0,0
483,56,32,173,94022,1,4.6,2,88,1,0,1,1,0
506,36,12,69,94305,3,3.1,2,0,1,0,0,1,0
529,64,39,122,90089,4,0.2,1,378,1,0,0,1,0
538,44,20,131,90717,1,4.9,3,0,1,0,0,1,0
567,53,28,175,95060,3,3.6,3,0,1,0,1,1,1
571,49,25,161,94928,3,6.5,2,485,1,1,1,0,0
597,48,22,152,94022,1,3.5,3,0,1,0,0,1,0
608,28,3,170,95014,1,0.1,3,0,1,0,0,0,0
621,33,8,115,91129,4,2.9,2,0,1,0,0,1,0
633,57,32,165,94720,4,2.7,3,0,1,0,0,1,0
651,47,22,122,90037,1,5.1,3,163,1,1,0,0,0
655,54,29,129,93940,4,4.2,3,0,1,0,0,0,0
663,65,41,185,93561,3,2.0,2,0,1,0,0,0,0
672,65,41,105,92612,1,3.0,2,282,1,1,1,1,0
682,34,9,164,94720,1,6.0,3,0,1,0,0,1,0
703,35,9,109,92709,3,4.0,1,0,1,0,0,0,0
723,45,21,132,91103,3,1.2,2,0,1,0,1,1,1
729,45,20,114,94720,2,4.4,2,0,1,0,0,0,0
737,61,35,152,91016,3,3.3,3,0,1,0,0,1,0
738,64,37,138,94709,2,2.8,2,0,1,0,0,1,0
766,47,21,109,95822,4,1.8,1,0,1,0,0,0,0
771,26,2,172,94551,2,6.9,2,0,1,0,0,1,0
773,54,28,165,92093,1,4.1,3,0,1,0,1,1,1
777,50,26,135,92121,2,4.6,3,91,1,0,0,1,0
780,53,28,192,94304,2,6.4,3,0,1,0,0,0,0
782,56,32,158,94588,3,3.7,3,0,1,0,0,1,0
783,54,30,194,92056,3,6.0,3,587,1,1,1,1,1
788,45,15,202,91380,3,10.0,3,0,1,0,0,0,0
806,55,29,132,95758,3,5.9,2,307,1,0,0,0,0
814,50,25,130,94720,1,1.1,2,0,1,0,0,1,0
835,36,12,150,95138,4,5.4,1,0,1,1,1,1,0
860,63,37,124,92182,3,5.0,2,170,1,0,0,0,0
889,57,33,182,94114,2,3.3,3,372,1,0,0,0,0
892,32,6,120,94102,4,5.4,1,301,1,0,1,1,1
897,50,24,161,95133,3,3.4,1,212,1,0,0,1,0
900,30,3,172,91302,3,3.4,2,0,1,0,0,0,1
915,65,41,195,91711,3,0.4,1,0,1,1,1,0,1
928,65,40,95,95014,3,3.7,2,138,1,0,0,0,1
941,61,36,193,94303,1,4.7,3,203,1,0,0,1,0
942,38,13,129,92093,4,4.4,1,140,1,0,0,0,0
952,59,34,83,94105,2,3.4,3,0,1,0,0,1,0
955,37,12,169,91107,2,5.2,3,249,1,0,0,1,0
966,62,36,135,94301,2,5.2,2,0,1,0,0,1,0
972,43,19,174,92028,3,1.7,3,231,1,0,1,1,1
976,63,38,83,92122,2,3.4,1,0,1,0,0,0,0
982,36,12,142,90064,3,2.3,2,0,1,0,1,1,1
994,41,15,185,91775,1,3.6,2,0,1,0,0,0,0
1008,44,19,99,95064,3,3.5,3,357,1,0,0,0,0
1015,50,26,192,90245,2,1.8,3,301,1,0,1,1,1
1023,27,3,118,95605,1,3.3,2,0,1,0,0,1,0
1025,58,33,122,93711,4,0.2,2,0,1,0,1,1,0
1029,29,4,110,92096,4,2.5,3,0,1,0,0,0,0
1039,56,30,145,95831,4,5.7,2,0,1,0,1,1,1
1040,41,16,175,94304,2,1.1,3,0,1,0,0,1,0
1051,53,27,145,90095,2,6.1,3,294,1,0,1,1,1
1063,47,21,83,92220,1,3.8,1,97,1,0,0,0,0
1065,41,17,138,95008,3,6.9,2,0,1,0,0,1,0
1067,30,5,125,90016,4,0.5,3,0,1,0,1,1,0
1070,44,18,75,91203,2,3.5,1,0,1,0,0,1,0
1078,29,3,175,90095,3,3.3,3,329,1,0,0,1,0
1085,60,35,191,93407,4,5.6,3,0,1,0,0,0,0
1098,50,24,188,92007,3,1.3,1,184,1,0,0,0,1
1106,35,10,182,95051,1,0.3,2,229,1,0,1,1,1
1127,32,8,104,95192,2,3.7,1,0,1,0,0,0,1
1129,30,5,171,94025,2,1.9,2,0,1,0,0,0,0
1130,30,4,73,94305,3,3.3,1,0,1,0,1,1,1
1138,51,26,134,90230,4,4.5,3,0,1,1,1,1,0
1142,32,7,143,91365,3,2.9,3,0,1,0,0,1,0
1144,33,7,120,94022,1,3.2,3,0,1,0,0,1,0
1162,36,11,181,94309,3,1.4,1,0,1,0,0,0,0
1165,41,17,94,90071,3,3.8,2,327,1,1,1,1,0
1167,30,5,112,91711,4,5.0,2,0,1,0,0,0,1
1177,29,3,103,90049,4,3.4,1,0,1,0,0,1,0
1178,28,3,71,90405,1,3.3,2,149,1,1,1,1,0
1196,32,7,123,92407,2,2.9,2,0,1,0,0,1,0
1205,26,1,190,91604,4,1.3,2,197,1,0,0,1,0
1207,63,37,165,95035,4,5.1,3,0,1,0,0,0,0
1226,30,6,118,94534,2,2.8,2,0,1,0,0,0,0
1238,38,13,169,92093,1,6.8,3,0,1,0,1,1,1
1245,33,8,130,94720,3,6.3,2,99,1,0,0,0,1
1274,60,35,130,95741,3,6.3,3,437,1,0,1,1,1
1286,38,13,113,94720,4,1.7,2,0,1,0,0,0,1
1293,56,30,164,94610,4,0.5,2,234,1,0,1,1,1
1321,31,7,192,90250,1,0.0,2,0,1,0,0,1,0
1329,60,36,145,95616,4,6.9,1,380,1,0,0,0,1
1338,26,0,179,92028,4,2.1,2,0,1,0,0,0,0
1340,52,25,180,94545,2,9.0,2,297,1,0,0,1,0
1350,26,2,171,93943,3,6.0,2,0,1,0,0,1,0
1373,39,13,139,95616,3,3.4,1,483,1,0,0,1,0
1374,60,35,135,92612,3,0.3,3,0,1,0,0,1,0
1376,50,26,179,92612,1,2.9,3,0,1,0,0,0,1
1396,47,23,190,92831,4,0.3,3,305,1,0,0,0,0
1403,55,29,172,95064,1,5.2,2,0,1,0,0,0,0
1406,46,22,183,91605,1,3.1,2,0,1,0,1,1,1
1408,63,39,101,94306,2,3.9,3,294,1,0,0,1,0
1409,40,14,129,90089,1,5.9,3,0,1,0,0,1,0
1412,65,39,184,91302,1,5.4,3,176,1,0,1,1,1
1419,65,41,154,92008,2,4.6,2,0,1,1,1,1,1
1445,60,33,154,90740,1,3.0,2,0,1,1,1,1,0
1479,65,39,160,94803,4,3.8,1,237,1,0,0,1,0
1487,35,9,141,93022,2,4.5,2,0,1,0,0,0,0
1496,52,28,178,92647,3,5.4,3,147,1,0,0,1,0
1500,52,26,91,92173,1,4.3,2,0,1,0,1,1,1
1505,30,6,191,92028,2,4.4,2,0,1,0,0,1,0
1519,43,17,64,95053,4,3.0,3,221,1,0,0,1,0
1525,40,16,155,94002,4,0.1,3,0,1,0,1,1,1
1560,59,35,102,92677,4,3.0,2,115,1,0,0,1,0
1571,41,16,114,94705,4,3.5,1,0,1,0,0,0,1
1578,34,8,65,92093,1,3.0,1,227,1,0,0,1,0
1580,29,5,122,94305,4,3.0,1,0,1,0,0,0,1
1583,43,19,170,92037,4,4.25,1,318,1,0,1,1,1
1584,61,36,184,92028,4,2.3,2,342,1,0,1,1,1
1590,57,32,124,90049,1,0.2,2,0,1,0,0,1,0
1593,56,31,192,90089,1,7.0,3,0,1,0,1,1,0
1604,36,6,138,92152,1,7.0,3,86,1,0,0,1,0
1605,55,29,111,90502,2,3.6,3,0,1,0,0,0,1
1617,48,23,84,94402,4,3.1,2,0,1,1,1,1,0
1630,53,29,154,93407,4,7.4,3,0,1,0,0,0,0
1632,61,36,153,91105,1,2.6,2,0,1,1,1,0,1
1633,31,5,93,95032,2,3.1,2,0,1,0,0,1,0
1638,30,6,193,94022,3,6.3,3,0,1,0,0,1,0
1642,58,34,152,92182,4,3.6,3,0,1,0,0,0,0
1652,62,36,158,94301,2,6.3,3,0,1,0,0,1,0
1653,48,18,182,92626,4,6.0,3,0,1,0,0,1,0
1660,33,7,139,95828,1,4.0,3,106,1,0,1,1,1
1667,51,25,190,95138,2,4.2,2,0,1,0,0,1,0
1673,48,23,173,94546,3,0.2,1,0,1,0,1,1,1
1675,37,11,139,95814,2,0.8,2,421,1,0,0,1,0
1680,57,31,114,94590,4,5.2,1,0,1,1,1,1,0
1732,43,19,125,92122,3,2.4,1,0,1,0,0,1,0
1753,33,8,155,92717,1,7.4,3,0,1,0,0,0,0
1769,43,18,128,92093,4,5.3,1,84,1,0,0,0,0
1785,54,29,119,91355,3,2.0,1,0,1,1,1,0,0
1790,44,20,171,91330,4,0.7,1,567,1,0,1,1,1
1794,35,9,113,94596,3,0.8,3,0,1,0,0,1,0
1795,56,32,98,91355,3,3.9,3,0,1,0,0,0,0
1799,44,20,185,94086,3,2.7,1,0,1,0,0,1,0
1823,48,23,112,93014,1,5.1,2,86,1,1,1,1,0
1825,49,23,194,94022,4,8.3,2,0,1,0,0,0,1
1826,56,32,161,94720,1,5.8,3,0,1,1,0,0,0
1834,34,9,178,94303,1,0.8,3,0,1,0,0,0,0
1861,30,6,179,91103,3,4.9,1,142,1,0,0,1,0
1871,63,37,110,95032,1,4.1,3,0,1,0,0,0,0
1883,56,32,125,91330,3,0.6,1,342,1,0,1,1,1
1890,56,30,111,93106,4,0.3,1,372,1,1,1,1,0
1913,42,16,191,94304,3,4.8,2,0,1,1,1,1,0
1914,57,33,134,92110,4,0.9,1,198,1,0,0,1,0
1919,39,9,118,93555,2,6.0,3,246,1,0,1,1,1
1936,34,9,191,94086,1,4.8,3,0,1,0,1,1,1
1938,51,25,181,95051,1,3.3,3,589,1,1,1,1,0
1999,56,32,103,94111,3,4.0,3,0,1,0,0,0,0
2002,44,17,128,94928,2,3.25,2,0,1,0,0,0,1
2003,30,4,142,92126,3,4.2,1,359,1,0,0,0,0
2006,47,23,170,90254,2,6.5,2,0,1,0,1,1,1
2015,49,19,169,95054,3,5.67,3,167,1,0,1,0,1
2022,46,20,103,91380,4,4.8,3,0,1,0,0,1,0
2025,36,12,113,94305,4,0.2,1,0,1,0,0,0,0
2042,45,20,180,95403,3,8.5,2,535,1,0,0,0,0
2047,43,16,161,95134,3,8.0,2,0,1,0,1,1,1
2048,63,38,134,90640,3,4.0,2,0,1,0,0,0,1
2062,63,38,159,93950,4,4.9,2,111,1,0,0,0,0
2078,34,9,160,94108,4,8.0,3,0,1,0,0,0,1
2088,51,27,188,94305,2,6.9,2,343,1,0,0,1,0
2096,47,21,174,94025,4,3.2,3,0,1,0,0,0,0
2102,35,5,203,95032,1,10.0,3,0,1,0,0,0,0
2110,47,23,178,93014,1,6.5,3,0,1,0,0,0,0
2137,50,26,115,95008,1,1.2,3,0,1,0,0,0,1
2145,33,6,168,94720,3,5.67,2,0,1,1,1,1,0
2159,50,25,83,94720,4,3.1,1,0,1,0,0,0,1
2160,61,35,99,94085,1,4.8,3,255,1,0,0,0,1
2179,37,13,158,93943,2,2.3,2,0,1,0,1,1,1
2185,62,36,183,90095,2,3.4,3,0,1,0,0,0,0
2195,34,9,123,94553,1,1.6,2,0,1,0,0,1,0
2197,51,24,189,95211,4,4.75,2,0,1,0,0,1,0
2208,38,12,180,90245,1,2.8,3,158,1,0,0,1,0
2216,28,3,193,94501,3,4.0,2,0,1,0,0,1,0
2218,48,24,162,91355,4,3.3,2,446,1,0,1,1,0
2231,36,11,183,94704,1,3.0,3,0,1,0,1,1,1
2247,35,11,190,92093,3,3.1,2,266,1,0,0,0,0
2262,30,3,150,94305,4,5.0,2,0,1,0,0,1,0
2263,55,29,131,95070,2,0.7,2,0,1,0,0,0,1
2268,38,13,168,92647,2,1.3,3,0,1,0,0,0,0
2269,27,3,105,94304,1,3.0,2,0,1,1,0,0,0
2277,29,3,172,92093,4,4.4,1,0,1,0,0,0,0
2286,48,22,114,92007,1,2.4,3,0,1,0,0,1,0
2293,57,33,170,95051,2,2.1,2,0,1,0,0,0,0
2305,27,2,170,95818,3,4.7,1,0,1,0,0,1,0
2316,52,26,182,95818,2,1.4,2,0,1,0,0,1,0
2318,31,5,129,95814,3,5.9,3,319,1,1,1,0,1
2329,27,2,130,92182,3,4.4,1,192,1,0,0,1,0
2338,43,16,201,95054,1,10.0,2,0,1,0,0,0,1
2346,65,40,89,90291,1,4.1,1,299,1,0,1,1,0
2357,31,5,184,92064,4,3.4,2,0,1,0,1,1,1
2360,36,12,123,95060,2,5.6,2,0,1,0,1,1,1
2362,36,12,109,94928,3,0.5,3,0,1,1,1,1,0
2374,33,9,184,94304,2,4.8,2,0,1,0,0,0,0
2383,46,20,185,94131,4,7.5,2,428,1,0,0,0,1
2386,43,17,125,94720,4,3.5,2,0,1,0,0,0,0
2392,39,12,138,92697,1,4.67,2,0,1,0,0,1,0
2401,61,36,169,91380,2,6.1,3,106,1,0,1,1,1
2404,38,13,140,90210,4,0.5,1,0,1,0,0,0,0
2429,39,12,108,92717,4,3.67,2,301,1,0,0,0,1
2434,37,11,123,94720,1,2.3,2,0,1,1,1,1,0
2444,28,3,161,92646,4,1.7,3,422,1,0,1,1,1
2456,34,8,164,94720,4,7.4,3,0,1,0,0,1,0
2478,40,14,179,90025,1,2.6,3,0,1,0,0,1,0
2491,52,28,168,90404,3,6.5,3,118,1,0,0,1,0
2503,58,31,178,92009,2,6.0,2,0,1,0,0,1,0
2512,51,27,92,92121,4,3.0,1,0,1,0,1,1,1
2534,54,29,111,93023,1,1.1,2,0,1,0,0,1,0
2537,51,25,104,94949,1,4.2,2,0,1,0,0,1,0
2540,32,7,98,95929,1,4.2,1,171,1,1,1,0,0
2542,34,8,171,90212,2,2.2,2,569,1,0,0,1,0
2545,58,34,90,95039,1,3.6,2,0,1,0,0,0,0
2562,31,5,180,94720,1,2.9,3,144,1,1,0,0,0
2585,59,34,114,94606,3,4.2,2,0,1,0,0,1,0
2587,47,23,149,92675,4,6.1,1,0,1,0,0,0,1
2591,46,20,152,95814,1,7.4,3,374,1,0,1,1,1
2594,48,23,161,96003,4,7.9,3,310,1,0,0,0,0
2603,52,26,161,93108,4,4.3,1,0,1,0,1,1,1
2614,52,26,110,94501,2,5.4,3,204,1,1,1,1,0
2615,35,11,160,92093,4,5.7,3,0,1,1,0,0,0
2624,42,17,111,94304,3,3.0,1,0,1,1,1,0,1
2647,45,20,191,92007,3,2.6,3,123,1,0,0,0,0
2665,54,29,154,95014,1,2.4,2,352,1,0,0,1,0
2673,30,5,131,92068,3,0.5,3,0,1,0,0,0,0
2679,63,38,148,93023,2,4.3,3,0,1,0,0,1,0
2692,61,36,119,95064,2,5.4,2,0,1,0,0,1,0
2708,35,9,131,90089,3,0.3,3,0,1,0,1,1,1
2715,46,20,158,92870,3,5.4,1,432,1,0,0,0,1
2722,58,33,173,92121,2,7.2,3,0,1,0,0,1,0
2754,54,27,195,93117,2,4.75,2,477,1,0,0,0,0
2770,33,9,183,91320,2,8.8,3,582,1,0,0,1,0
2773,55,31,130,92646,4,6.5,1,0,1,0,0,0,1
2774,63,37,185,94309,2,7.9,2,358,1,0,0,1,0
2780,59,35,168,95521,4,4.1,2,0,1,0,0,1,0
2785,36,9,115,91765,4,2.2,2,0,1,0,0,0,0
2803,52,22,154,90650,1,5.0,3,0,1,1,1,1,0
2806,37,12,182,94523,3,5.8,3,0,1,0,0,1,0
2810,42,16,185,94705,3,2.2,2,0,1,1,1,1,1
2813,53,28,183,96008,3,8.2,3,467,1,0,1,1,1
2833,45,21,133,92056,4,5.7,3,0,1,0,1,1,1
2839,30,6,181,94542,3,4.1,2,0,1,0,1,1,1
2842,37,11,190,94305,4,7.3,2,565,1,0,1,1,0
2857,36,10,172,94704,4,1.0,2,295,1,0,0,1,0
2858,34,8,184,93106,3,7.5,1,0,1,0,0,0,0
2860,35,11,188,94596,1,0.9,3,282,1,0,0,1,0
2875,49,25,114,91380,1,2.5,3,0,1,0,0,1,0
2879,45,19,122,94590,4,4.1,2,0,1,0,0,1,0
2886,57,31,113,91711,4,0.6,3,327,1,0,0,1,0
2899,27,1,140,91711,1,5.9,2,175,1,1,1,1,0
2905,56,32,190,90032,3,2.2,1,0,1,0,1,1,0
2911,46,22,102,95039,3,4.5,3,0,1,0,0,1,0
2913,44,20,130,90291,4,3.2,2,0,1,0,0,0,0
2952,26,2,132,94720,2,2.4,3,0,1,0,0,0,1
2957,62,38,195,91125,4,5.2,3,522,1,0,1,1,1
2969,44,18,162,90840,4,1.3,1,301,1,0,0,0,0
2971,54,30,121,95039,2,1.1,3,0,1,1,0,0,0
2987,55,30,153,94305,2,2.8,2,0,1,1,1,1,0
2997,42,18,103,91367,1,3.33,1,0,1,1,1,1,1
3001,40,14,164,94720,1,4.3,2,0,1,0,0,0,0
3006,62,36,148,94111,3,7.0,2,0,1,0,0,1,0
3007,62,37,169,95014,3,5.0,2,184,1,0,1,1,1
3034,43,19,130,90630,2,4.7,3,221,1,0,0,0,1
3038,27,2,158,95060,3,0.4,2,0,1,0,1,1,0
3040,34,9,141,95616,2,4.9,3,0,1,0,0,0,1
3055,45,21,134,92697,4,5.5,2,0,1,0,1,1,1
3061,64,38,168,94061,4,5.7,3,0,1,0,0,1,0
3085,26,0,129,90028,3,0.7,2,0,1,0,0,0,0
3097,43,18,179,94108,3,1.2,1,0,1,1,1,1,0
3142,57,31,131,90405,3,0.6,1,0,1,0,0,1,0
3143,34,8,175,95051,4,1.1,3,0,1,1,1,1,1
3146,34,10,114,94305,3,3.3,3,0,1,0,0,0,0
3151,47,22,124,90027,4,5.0,3,0,1,0,0,0,0
3155,27,1,99,94305,1,3.0,3,149,1,0,0,0,1
3161,41,15,158,94304,1,4.7,2,0,1,1,1,0,1
3210,42,16,173,91355,2,1.5,2,373,1,0,1,1,1
3218,65,39,94,93022,4,4.1,1,120,1,0,1,1,1
3269,43,17,111,91423,4,5.4,3,0,1,0,0,1,0
3271,50,23,179,94609,4,3.6,2,0,1,0,0,1,0
3272,52,27,93,90291,4,4.1,2,0,1,0,0,0,1
3277,55,31,159,92123,1,3.9,3,0,1,0,0,0,0
3289,56,30,140,94122,4,0.5,1,292,1,0,0,0,0
3296,42,16,141,94960,3,4.0,2,0,1,0,0,0,0
3297,63,37,132,94080,1,4.4,2,0,1,0,0,1,0
3319,46,20,105,90089,4,3.2,1,0,1,0,0,0,0
3320,60,35,153,95136,3,2.0,3,0,1,0,0,0,1
3327,53,27,174,91006,1,2.9,2,0,1,0,0,1,0
3328,42,18,164,93407,1,1.3,3,0,1,1,1,1,1
3340,27,1,141,95135,4,5.1,3,354,1,0,0,0,0
3344,62,37,125,94801,1,1.0,3,0,1,0,0,1,0
3357,49,23,115,95051,3,4.6,3,0,1,0,0,0,0
3369,45,18,163,94720,3,5.33,2,0,1,0,1,0,1
3374,28,2,182,92660,3,7.2,2,442,1,0,1,1,1
3384,46,22,135,95135,3,4.1,1,213,1,0,0,1,0
3387,35,10,142,94061,4,0.8,3,0,1,0,0,0,0
3404,54,29,82,94709,3,3.7,2,0,1,0,0,1,0
3450,57,32,135,90095,3,4.8,2,0,1,1,1,1,0
3457,46,22,125,94536,2,4.7,3,0,1,0,0,1,0
3465,61,37,172,92612,4,4.25,1,0,1,0,1,1,1
3468,63,37,149,90840,2,0.2,3,364,1,0,0,1,0
3473,54,27,120,92672,4,3.0,2,431,1,0,0,1,0
3479,31,6,133,95747,1,1.5,3,0,1,0,0,0,0
3490,36,12,154,91320,3,6.4,1,0,1,1,0,0,0
3499,30,6,182,93561,4,0.8,3,94,1,0,0,1,0
3509,33,9,125,92182,1,4.3,3,0,1,0,0,1,0
3518,30,6,95,94234,1,3.9,3,146,1,0,0,0,1
3542,45,20,144,92106,4,5.4,1,210,1,0,0,1,0
3543,30,5,118,92182,4,3.0,3,0,1,0,0,1,0
3563,32,8,169,94596,1,6.5,3,272,1,1,1,1,0
3564,53,27,139,94998,1,0.9,3,0,1,0,0,0,0
3572,42,18,153,93955,3,5.6,1,416,1,0,0,0,0
3574,60,36,165,90095,3,5.6,1,0,1,0,0,0,1
3579,29,5,128,91302,2,4.1,2,209,1,0,0,1,0
3606,61,31,130,92333,2,2.6,3,0,1,0,0,0,0
3613,50,25,99,90245,1,4.6,1,368,1,1,1,0,1
3614,35,11,148,92672,1,5.8,3,0,1,0,0,1,0
3615,34,10,154,94583,3,5.4,2,0,1,0,0,1,0
3647,34,9,141,92056,3,6.9,2,260,1,0,0,1,0
3652,49,23,140,90504,1,1.9,3,0,1,0,0,0,1
3662,29,4,120,94553,1,4.1,2,0,1,1,1,0,1
3669,38,13,129,92037,4,0.3,3,75,1,0,0,1,0
3703,50,25,160,93108,4,4.3,3,410,1,0,0,0,0
3705,36,11,184,91304,2,5.1,2,0,1,0,0,0,0
3721,63,39,131,92521,3,2.6,3,229,1,0,0,1,0
3729,28,3,118,91902,3,2.4,2,161,1,0,0,0,0
3748,26,0,83,91360,3,3.9,2,0,1,0,0,1,0
3758,45,21,142,91101,1,1.4,2,0,1,0,0,1,0
3767,59,35,108,90245,4,3.8,2,304,1,0,0,1,0
3777,27,3,135,93108,3,2.7,3,449,1,0,0,0,1
3785,30,6,115,94611,4,3.8,2,0,1,0,0,1,0
3822,35,9,188,92220,2,3.7,2,259,1,0,0,1,0
3823,63,33,178,91768,4,9.0,3,0,1,0,0,0,0
3836,33,9,131,90065,3,2.2,3,0,1,1,0,0,0
3844,32,7,129,94720,4,5.2,2,0,1,0,0,0,1
3859,42,18,158,92124,2,0.4,2,277,1,0,0,0,1
3865,62,32,142,95112,2,2.8,3,0,1,0,0,0,1
3891,42,17,139,91101,2,2.9,3,0,1,0,0,1,0
3920,64,34,179,90024,2,4.5,3,400,1,0,0,0,0
3944,61,36,188,91360,1,9.3,2,0,1,0,0,0,0
3946,29,3,123,92821,3,5.6,3,428,1,0,0,1,0
3948,32,8,119,94710,4,5.0,3,0,1,0,0,1,0
3949,37,12,123,94304,4,3.1,2,253,1,0,1,1,1
3960,43,19,123,91107,3,1.3,1,0,1,0,0,1,0
3984,39,13,93,93555,4,3.6,3,0,1,0,0,1,0
3987,38,14,182,92152,3,2.6,3,0,1,0,1,1,1
3989,59,35,85,91330,1,3.4,3,0,1,0,1,0,1
3993,47,22,95,93311,2,3.9,2,0,1,0,0,0,0
4001,62,37,93,93003,3,3.0,3,0,1,0,1,1,1
4009,61,31,154,94555,3,7.5,3,351,1,0,1,1,1
4017,53,28,173,91614,4,2.7,1,427,1,0,0,1,0
4021,58,32,191,93943,4,5.2,3,194,1,0,0,0,1
4024,51,25,175,90089,3,0.7,1,312,1,0,0,0,0
4027,27,1,142,92038,3,5.5,1,0,1,0,0,0,0
4036,34,9,180,93955,2,6.5,3,0,1,0,1,1,0
4082,60,35,155,92521,1,1.5,3,0,1,0,0,0,1
4088,52,28,179,94583,4,4.2,3,0,1,0,0,0,0
4094,49,24,138,93111,2,2.2,2,0,1,0,0,1,0
4125,53,29,141,90064,2,0.2,3,0,1,0,0,0,0
4148,59,35,180,96008,2,6.5,2,0,1,1,1,1,1
4152,44,18,123,95841,3,5.9,1,0,1,0,1,1,1
4155,51,25,163,94305,2,1.3,3,0,1,0,0,1,0
4164,54,28,108,94110,4,1.9,2,0,1,0,0,1,0
4166,63,38,135,91768,2,3.8,3,183,1,0,0,0,0
4168,48,24,144,94025,4,3.5,2,0,1,0,0,0,0
4169,60,34,139,95020,4,0.4,1,0,1,0,0,1,0
4170,41,17,143,90059,2,2.7,3,209,1,0,0,1,0
4176,42,17,154,93955,3,4.9,1,0,1,0,1,1,1
4180,29,3,91,94122,1,3.4,3,0,1,0,0,0,0
4191,40,16,89,95814,3,3.9,2,216,1,1,1,1,0
4217,60,35,173,90059,3,3.1,3,0,1,0,0,1,0
4259,52,26,155,92660,3,7.2,2,0,1,0,0,1,0
4260,52,26,158,94920,2,3.7,3,251,1,0,0,0,1
4268,52,26,194,91902,2,5.7,2,0,1,0,0,1,0
4283,26,0,195,92093,3,6.33,3,0,1,1,1,1,0
4293,63,37,191,94131,2,4.3,3,205,1,0,0,0,0
4302,49,24,130,92677,4,1.1,1,281,1,0,1,1,0
4303,52,27,85,92037,3,3.4,3,0,1,0,0,0,0
4308,45,19,128,94928,4,6.0,3,0,1,0,0,1,0
4309,44,20,132,94115,3,2.6,1,308,1,0,0,0,0
4310,34,8,188,94025,1,2.9,3,0,1,0,0,1,0
4311,65,41,170,94143,4,6.1,2,0,1,0,1,1,1
4329,64,38,143,95039,2,6.4,3,0,1,1,1,1,0
4338,26,2,182,93010,2,3.2,2,0,1,0,0,0,0
4346,26,1,184,94608,2,4.2,3,577,1,0,1,1,1
4355,40,16,140,93940,3,5.6,1,0,1,0,0,0,0
4358,39,14,141,93302,4,6.3,1,0,1,1,1,1,1
4378,33,8,145,92507,1,2.7,3,0,1,0,0,1,0
4409,64,40,181,93403,2,2.3,2,0,1,0,1,1,1
4415,33,8,178,94720,3,8.5,1,0,1,1,1,1,0
4419,59,34,145,95125,4,1.8,1,198,1,0,0,1,0
4423,57,31,164,94607,2,3.8,3,422,1,0,1,1,1
4426,26,0,164,95973,2,4.0,3,301,1,0,0,1,0
4440,33,7,104,94542,2,3.6,3,0,1,0,0,0,1
4471,44,20,111,91911,2,5.3,2,0,1,0,0,1,0
4481,55,30,145,92037,2,6.0,3,0,1,0,0,1,0
4495,29,4,182,95354,1,3.7,3,0,1,0,0,1,0
4533,48,22,133,90073,2,3.1,2,0,1,0,0,1,0
4566,33,8,120,92614,2,4.2,3,76,1,0,0,0,1
4576,53,27,115,90095,2,0.5,3,0,1,0,0,0,0
4584,52,26,83,92521,1,3.1,1,0,1,0,0,1,0
4586,35,11,180,94010,1,3.6,3,571,1,0,1,1,1
4591,58,34,151,94022,3,0.6,2,0,1,0,0,0,0
4594,54,30,133,95747,1,5.0,2,0,1,0,0,0,1
4605,32,7,81,90601,2,3.4,2,0,1,0,0,0,1
4626,45,21,102,92037,4,4.7,2,81,1,0,0,0,0
4628,27,1,134,93106,1,1.7,2,307,1,0,0,1,0
4629,27,1,130,94801,3,2.9,2,0,1,0,0,0,0
4632,32,8,142,90095,4,6.2,2,120,1,0,1,1,1
4643,65,40,143,95616,4,6.6,2,0,1,0,0,1,0
4653,38,12,184,91311,3,8.0,1,0,1,0,0,1,0
4656,33,7,188,95054,2,7.0,2,581,1,0,0,0,0
4699,48,22,162,94143,3,1.4,1,400,1,0,0,0,0
4703,35,5,108,90630,2,2.75,3,0,1,1,0,0,0
4706,61,37,141,92677,3,0.7,1,0,1,0,1,1,1
4720,32,8,140,94102,4,6.6,3,0,1,0,1,0,1
4764,51,25,173,95051,1,0.5,2,0,1,0,0,1,0
4791,35,11,101,94143,3,3.8,3,150,1,0,0,1,0
4812,36,12,123,90502,2,3.0,3,0,1,0,0,0,0
4813,29,4,184,92126,4,2.2,3,612,1,0,0,1,0
4824,46,21,115,95616,2,4.2,3,0,1,1,1,1,1
4843,49,23,174,95449,3,4.6,2,590,1,0,0,0,0
4847,35,10,135,94596,3,4.8,2,0,1,0,0,1,0
4860,34,8,165,91107,1,7.0,3,541,1,0,0,0,0
4866,50,24,133,90025,4,1.4,2,342,1,0,0,0,1
4877,44,19,142,95054,1,1.5,3,0,1,0,0,0,0
4884,38,13,129,92646,3,4.1,3,0,1,0,1,1,1
4928,43,19,121,94720,1,0.7,2,0,1,0,1,1,1
4942,28,4,112,90049,2,1.6,2,0,1,0,0,1,0
4963,46,20,122,90065,3,3.0,3,0,1,0,1,1,1
4981,29,5,135,95762,3,5.3,1,0,1,0,1,1,1
